Workbook

Sheet INFO
B2: Score Sheet Information
B3: Semester | C3: 1
B4: Academic Year | C4: 2026
B5: Class | C5: P.1/3
B6: Program | C6: Bilingual Program
B7: Subject | C7: Teacher
B8: Mathematics | C8: Mr.Rodrigo
B9: Science | C9: Mr.Vladimir
B10: English | C10: Mr.Nadir
B11: Arts | C11: Mr.Nadir

Sheet Mathematics
D1: Score Sheet : Semester | F1: =INFO!C3 -> 1 | I1: Academic Year | L1: =INFO!C4 -> 2026
C2: Teacher | D2: =INFO!C8 -> Mr.Rodrigo | E2: Subject | G2: =INFO!B8 -> Mathematics | I2: =INFO!C6 -> Bilingual Program | M2: Class | N2: =INFO!C5 -> P.1/3
A4: No. | B4: Name | E4: Scoring
E5: Test | I5: Total Test. | J5: Midterm Exam | K5: RETEST | L5: Total Test.+Midterm | M5: Test | Q5: Total Test. | R5: Final Exam | S5: RETEST | T5: Total Test+Final | U5: Total Score | V5: Final Grade
E7: Test1 (K) | F7: Test2 (S) | G7: Test3 (A) | H7: Test4 (C) | M7: Test1 (K) | N7: Test2 (S) | O7: Test3 (A) | P7: Test4 (C)
E9: 10 | F9: 10 | G9: 10 | H9: 5 | I9: =SUM(E9:F9:G9:H9) -> 35 | J9: 15 | K9: 10 | L9: =SUM(I9:J9) -> 50 | M9: 10 | N9: 10 | O9: 10 | P9: 5 | Q9: =SUM(M9:P9) -> 35 | R9: 15 | S9: 10 | T9: =SUM(Q9:R9) -> 50 | U9: =SUM(L9,T9) -> 100
A10: 1 | B10: 12345 | C10: Mr. Alex | D10: Furgoson | E10: 10 | F10: 10 | G10: 10 | H10: 5 | I10: =SUM(E10:F10:G10:H10) -> 35 | J10: 11 | L10: =SUM(I10:J10) -> 46 | M10: 10 | N10: 10 | O10: 10 | P10: 5 | Q10: =SUM(M10:P10) -> 35 | V10: =IF(U11>=80,4, IF(U11>=75,3.5, IF(U11>=70,3, IF(U11>=65,2.5, IF(U11>=60,2, IF(U11>=55,1.5, IF(U11>=50,1,0))))))) -> 0
A11: 2 | B11: 12346 | C11: Ms. Hermionee | D11: Granger | E11: 10 | F11: 8 | G11: 8 | H11: 5 | I11: =SUM(E11:F11:G11:H11) -> 31 | J11: 11 | L11: =SUM(I11:J11) -> 42 | M11: 8 | N11: 9 | O11: 8 | P11: 5 | Q11: =SUM(M11:P11) -> 30 | V11: =IF(U12>=80,4, IF(U12>=75,3.5, IF(U12>=70,3, IF(U12>=65,2.5, IF(U12>=60,2, IF(U12>=55,1.5, IF(U12>=50,1,0))))))) -> 0
A12: 3 | E12: 10 | F12: 10 | G12: 10 | H12: 5 | I12: =SUM(E12:F12:G12:H12) -> 35 | J12: 11 | L12: =SUM(I12:J12) -> 46 | M12: 8 | N12: 9 | O12: 8 | P12: 5 | Q12: =SUM(M12:P12) -> 30 | V12: =IF(U13>=80,4, IF(U13>=75,3.5, IF(U13>=70,3, IF(U13>=65,2.5, IF(U13>=60,2, IF(U13>=55,1.5, IF(U13>=50,1,0))))))) -> 0
A13: 4 | E13: 10 | F13: 8 | G13: 8 | H13: 5 | I13: =SUM(E13:F13:G13:H13) -> 31 | J13: 12 | L13: =SUM(I13:J13) -> 43 | M13: 9 | N13: 8 | O13: 8 | P13: 5 | Q13: =SUM(M13:P13) -> 30 | V13: =IF(U14>=80,4, IF(U14>=75,3.5, IF(U14>=70,3, IF(U14>=65,2.5, IF(U14>=60,2, IF(U14>=55,1.5, IF(U14>=50,1,0))))))) -> 0
A14: 5 | E14: 10 | F14: 10 | G14: 10 | H14: 5 | I14: =SUM(E14:F14:G14:H14) -> 35 | J14: 14 | L14: =SUM(I14:J14) -> 49 | M14: 9 | N14: 9 | O14: 8 | P14: 5 | Q14: =SUM(M14:P14) -> 31 | V14: =IF(U15>=80,4, IF(U15>=75,3.5, IF(U15>=70,3, IF(U15>=65,2.5, IF(U15>=60,2, IF(U15>=55,1.5, IF(U15>=50,1,0))))))) -> 0
A15: 6 | E15: 9 | F15: 8 | G15: 8 | H15: 5 | I15: =SUM(E15:F15:G15:H15) -> 30 | J15: 12 | L15: =SUM(I15:J15) -> 42 | M15: 10 | N15: 10 | O15: 10 | P15: 5 | Q15: =SUM(M15:P15) -> 35 | V15: =IF(U16>=80,4, IF(U16>=75,3.5, IF(U16>=70,3, IF(U16>=65,2.5, IF(U16>=60,2, IF(U16>=55,1.5, IF(U16>=50,1,0))))))) -> 0
A16: 7 | E16: 10 | F16: 9 | G16: 9 | H16: 5 | I16: =SUM(E16:F16:G16:H16) -> 33 | J16: 11 | L16: =SUM(I16:J16) -> 44 | M16: 9 | N16: 10 | O16: 10 | P16: 5 | Q16: =SUM(M16:P16) -> 34 | V16: =IF(U17>=80,4, IF(U17>=75,3.5, IF(U17>=70,3, IF(U17>=65,2.5, IF(U17>=60,2, IF(U17>=55,1.5, IF(U17>=50,1,0))))))) -> 0
A17: 8 | E17: 10 | F17: 9 | G17: 9 | H17: 5 | I17: =SUM(E17:F17:G17:H17) -> 33 | J17: 14 | L17: =SUM(I17:J17) -> 47 | M17: 9 | N17: 8 | O17: 8 | P17: 5 | Q17: =SUM(M17:P17) -> 30 | V17: =IF(U18>=80,4, IF(U18>=75,3.5, IF(U18>=70,3, IF(U18>=65,2.5, IF(U18>=60,2, IF(U18>=55,1.5, IF(U18>=50,1,0))))))) -> 0
A18: 9 | E18: 10 | F18: 9 | G18: 9 | H18: 5 | I18: =SUM(E18:F18:G18:H18) -> 33 | J18: 15 | L18: =SUM(I18:J18) -> 48 | M18: 10 | N18: 10 | O18: 10 | P18: 5 | Q18: =SUM(M18:P18) -> 35 | V18: =IF(U19>=80,4, IF(U19>=75,3.5, IF(U19>=70,3, IF(U19>=65,2.5, IF(U19>=60,2, IF(U19>=55,1.5, IF(U19>=50,1,0))))))) -> 0
A19: 10 | E19: 9 | F19: 8 | G19: 8 | H19: 5 | I19: =SUM(E19:F19:G19:H19) -> 30 | J19: 14 | L19: =SUM(I19:J19) -> 44 | M19: 10 | N19: 10 | O19: 10 | P19: 5 | Q19: =SUM(M19:P19) -> 35 | V19: =IF(U20>=80,4, IF(U20>=75,3.5, IF(U20>=70,3, IF(U20>=65,2.5, IF(U20>=60,2, IF(U20>=55,1.5, IF(U20>=50,1,0))))))) -> 0
A20: 11 | E20: 10 | F20: 8 | G20: 8 | H20: 5 | I20: =SUM(E20:F20:G20:H20) -> 31 | J20: 11 | L20: =SUM(I20:J20) -> 42 | M20: 9 | N20: 8 | O20: 10 | P20: 5 | Q20: =SUM(M20:P20) -> 32 | V20: =IF(U21>=80,4, IF(U21>=75,3.5, IF(U21>=70,3, IF(U21>=65,2.5, IF(U21>=60,2, IF(U21>=55,1.5, IF(U21>=50,1,0))))))) -> 0
A21: 12 | E21: 10 | F21: 8 | G21: 8 | H21: 5 | I21: =SUM(E21:F21:G21:H21) -> 31 | J21: 14 | L21: =SUM(I21:J21) -> 45 | M21: 10 | N21: 10 | O21: 10 | P21: 5 | Q21: =SUM(M21:P21) -> 35 | V21: =IF(U22>=80,4, IF(U22>=75,3.5, IF(U22>=70,3, IF(U22>=65,2.5, IF(U22>=60,2, IF(U22>=55,1.5, IF(U22>=50,1,0))))))) -> 0
A22: 13 | E22: 10 | F22: 9 | G22: 9 | H22: 5 | I22: =SUM(E22:F22:G22:H22) -> 33 | J22: 11 | L22: =SUM(I22:J22) -> 44 | M22: 8 | N22: 9 | O22: 9 | P22: 5 | Q22: =SUM(M22:P22) -> 31 | V22: =IF(U23>=80,4, IF(U23>=75,3.5, IF(U23>=70,3, IF(U23>=65,2.5, IF(U23>=60,2, IF(U23>=55,1.5, IF(U23>=50,1,0))))))) -> 0
A23: 14 | E23: 10 | F23: 9 | G23: 9 | H23: 5 | I23: =SUM(E23:F23:G23:H23) -> 33 | J23: 11 | L23: =SUM(I23:J23) -> 44 | M23: 9 | N23: 9 | O23: 9 | P23: 5 | Q23: =SUM(M23:P23) -> 32 | V23: =IF(U24>=80,4, IF(U24>=75,3.5, IF(U24>=70,3, IF(U24>=65,2.5, IF(U24>=60,2, IF(U24>=55,1.5, IF(U24>=50,1,0))))))) -> 0
... A38: 29 | E38: 10 | F38: 10 | G38: 10 | H38: 5 | I38: =SUM(E38:F38:G38:H38) -> 35 | J38: 14 | L38: =SUM(I38:J38) -> 49 | M38: 10 | N38: 10 | O38: 10 | P38: 5 | Q38: =SUM(M38:P38) -> 35 | V38: =IF(U39>=80,4, IF(U39>=75,3.5, IF(U39>=70,3, IF(U39>=65,2.5, IF(U39>=60,2, IF(U39>=55,1.5, IF(U39>=50,1,0))))))) -> 0
A39: 30 | V39: =IF(U40>=80,4, IF(U40>=75,3.5, IF(U40>=70,3, IF(U40>=65,2.5, IF(U40>=60,2, IF(U40>=55,1.5, IF(U40>=50,1,0))))))) -> 0
A40: 31 | V40: =IF(U41>=80,4, IF(U41>=75,3.5, IF(U41>=70,3, IF(U41>=65,2.5, IF(U41>=60,2, IF(U41>=55,1.5, IF(U41>=50,1,0))))))) -> 0
A41: 32 | V41: =IF(U42>=80,4, IF(U42>=75,3.5, IF(U42>=70,3, IF(U42>=65,2.5, IF(U42>=60,2, IF(U42>=55,1.5, IF(U42>=50,1,0))))))) -> 0
A42: 33 | V42: =IF(U43>=80,4, IF(U43>=75,3.5, IF(U43>=70,3, IF(U43>=65,2.5, IF(U43>=60,2, IF(U43>=55,1.5, IF(U43>=50,1,0))))))) -> 0
A43: 34 | V43: =IF(U44>=80,4, IF(U44>=75,3.5, IF(U44>=70,3, IF(U44>=65,2.5, IF(U44>=60,2, IF(U44>=55,1.5, IF(U44>=50,1,0))))))) -> 0
A44: 35 | V44: =IF(U45>=80,4, IF(U45>=75,3.5, IF(U45>=70,3, IF(U45>=65,2.5, IF(U45>=60,2, IF(U45>=55,1.5, IF(U45>=50,1,0))))))) -> 0
A45: 36 | V45: =IF(U46>=80,4, IF(U46>=75,3.5, IF(U46>=70,3, IF(U46>=65,2.5, IF(U46>=60,2, IF(U46>=55,1.5, IF(U46>=50,1,0))))))) -> 0
A46: 37 | V46: =IF(U47>=80,4, IF(U47>=75,3.5, IF(U47>=70,3, IF(U47>=65,2.5, IF(U47>=60,2, IF(U47>=55,1.5, IF(U47>=50,1,0))))))) -> 0
A47: 38 | V47: =IF(U48>=80,4, IF(U48>=75,3.5, IF(U48>=70,3, IF(U48>=65,2.5, IF(U48>=60,2, IF(U48>=55,1.5, IF(U48>=50,1,0))))))) -> 0
A48: 39 | V48: =IF(U49>=80,4, IF(U49>=75,3.5, IF(U49>=70,3, IF(U49>=65,2.5, IF(U49>=60,2, IF(U49>=55,1.5, IF(U49>=50,1,0))))))) -> 0
A49: 40 | V49: =IF(U50>=80,4, IF(U50>=75,3.5, IF(U50>=70,3, IF(U50>=65,2.5, IF(U50>=60,2, IF(U50>=55,1.5, IF(U50>=50,1,0))))))) -> 0
A50: 41 | V50: =IF(U51>=80,4, IF(U51>=75,3.5, IF(U51>=70,3, IF(U51>=65,2.5, IF(U51>=60,2, IF(U51>=55,1.5, IF(U51>=50,1,0))))))) -> 0
... A55: 46 | V55: =IF(U56>=80,4, IF(U56>=75,3.5, IF(U56>=70,3, IF(U56>=65,2.5, IF(U56>=60,2, IF(U56>=55,1.5, IF(U56>=50,1,0))))))) -> 0

Sheet Science
D1: Score Sheet : Semester | F1: =INFO!C3 -> 1 | I1: Academic Year | L1: =INFO!C4 -> 2026
C2: Teacher | D2: =INFO!C9 -> Mr.Vladimir | E2: Subject | G2: =INFO!B9 -> Science | I2: =INFO!C6 -> Bilingual Program | M2: Class | N2: =INFO!C5 -> P.1/3
A4: No. | B4: Name | E4: Scoring
E5: Test | I5: Total Test. | J5: Midterm Exam | K5: RETEST | L5: Total Test.+Midterm | M5: Test | Q5: Total Test. | R5: Final Exam | S5: RETEST | T5: Total Test+Final | U5: Total Score | V5: Final Grade
E7: Test1 (K) | F7: Test2 (S) | G7: Test3 (A) | H7: Test4 (C) | M7: Test1 (K) | N7: Test2 (S) | O7: Test3 (A) | P7: Test4 (C)
E9: 10 | F9: 10 | G9: 10 | H9: 5 | I9: =SUM(E9:H9) -> 35 | J9: 15 | K9: 10 | L9: =SUM(I9:J9) -> 50 | M9: 10 | N9: 10 | O9: 10 | P9: 5 | Q9: =SUM(M9:P9) -> 35 | R9: 15 | S9: 10 | T9: =SUM(Q9:R9) -> 50 | U9: =SUM(L9,T9) -> 100
A10: 1 | B10: 12345 | C10: Mr. Alex | D10: Furgoson | E10: 9 | F10: 10 | G10: 9 | H10: 5 | I10: =SUM(E10:H10) -> 33 | J10: 13 | L10: =SUM(I10:J10) -> 46 | M10: 9 | N10: 10 | O10: 9 | P10: 5 | Q10: =SUM(M10:P10) -> 33 | R10: 14 | T10: =SUM(Q10:R10) -> 47 | U10: =SUM(L10,T10) -> 93 | V10: =IF(U11>=80,4, IF(U11>=75,3.5, IF(U11>=70,3, IF(U11>=65,2.5, IF(U11>=60,2, IF(U11>=55,1.5, IF(U11>=50,1,0))))))) -> 4
A11: 2 | B11: 12346 | C11: Ms. Hermionee | D11: Granger | E11: 10 | F11: 10 | G11: 9 | H11: 5 | I11: =SUM(E11:H11) -> 34 | J11: 11 | L11: =SUM(I11:J11) -> 45 | M11: 9 | N11: 8 | O11: 9 | P11: 5 | Q11: =SUM(M11:P11) -> 31 | R11: 4 | T11: =SUM(Q11:R11) -> 35 | U11: =SUM(L11,T11) -> 80 | V11: =IF(U12>=80,4, IF(U12>=75,3.5, IF(U12>=70,3, IF(U12>=65,2.5, IF(U12>=60,2, IF(U12>=55,1.5, IF(U12>=50,1,0))))))) -> 4
A12: 3 | E12: 10 | F12: 9 | G12: 10 | H12: 5 | I12: =SUM(E12:H12) -> 34 | J12: 15 | L12: =SUM(I12:J12) -> 49 | M12: 10 | N12: 10 | O12: 10 | P12: 5 | Q12: =SUM(M12:P12) -> 35 | R12: 12 | T12: =SUM(Q12:R12) -> 47 | U12: =SUM(L12,T12) -> 96 | V12: =IF(U13>=80,4, IF(U13>=75,3.5, IF(U13>=70,3, IF(U13>=65,2.5, IF(U13>=60,2, IF(U13>=55,1.5, IF(U13>=50,1,0))))))) -> 4
A13: 4 | E13: 10 | F13: 9 | G13: 10 | H13: 5 | I13: =SUM(E13:H13) -> 34 | J13: 11 | L13: =SUM(I13:J13) -> 45 | M13: 9 | N13: 8 | O13: 9 | P13: 5 | Q13: =SUM(M13:P13) -> 31 | R13: 15 | T13: =SUM(Q13:R13) -> 46 | U13: =SUM(L13,T13) -> 91 | V13: =IF(U14>=80,4, IF(U14>=75,3.5, IF(U14>=70,3, IF(U14>=65,2.5, IF(U14>=60,2, IF(U14>=55,1.5, IF(U14>=50,1,0))))))) -> 4
A14: 5 | E14: 10 | F14: 9 | G14: 10 | H14: 5 | I14: =SUM(E14:H14) -> 34 | J14: 13 | L14: =SUM(I14:J14) -> 47 | M14: 9 | N14: 10 | O14: 9 | P14: 5 | Q14: =SUM(M14:P14) -> 33 | R14: 10 | T14: =SUM(Q14:R14) -> 43 | U14: =SUM(L14,T14) -> 90 | V14: =IF(U15>=80,4, IF(U15>=75,3.5, IF(U15>=70,3, IF(U15>=65,2.5, IF(U15>=60,2, IF(U15>=55,1.5, IF(U15>=50,1,0))))))) -> 4
A15: 6 | E15: 9 | F15: 10 | G15: 10 | H15: 5 | I15: =SUM(E15:H15) -> 34 | J15: 14 | L15: =SUM(I15:J15) -> 48 | M15: 10 | N15: 9 | O15: 10 | P15: 5 | Q15: =SUM(M15:P15) -> 34 | R15: 15 | T15: =SUM(Q15:R15) -> 49 | U15: =SUM(L15,T15) -> 97 | V15: =IF(U16>=80,4, IF(U16>=75,3.5, IF(U16>=70,3, IF(U16>=65,2.5, IF(U16>=60,2, IF(U16>=55,1.5, IF(U16>=50,1,0))))))) -> 4
A16: 7 | E16: 9 | F16: 10 | G16: 9 | H16: 5 | I16: =SUM(E16:H16) -> 33 | J16: 12 | L16: =SUM(I16:J16) -> 45 | M16: 9 | N16: 9 | O16: 9 | P16: 5 | Q16: =SUM(M16:P16) -> 32 | R16: 15 | T16: =SUM(Q16:R16) -> 47 | U16: =SUM(L16,T16) -> 92 | V16: =IF(U17>=80,4, IF(U17>=75,3.5, IF(U17>=70,3, IF(U17>=65,2.5, IF(U17>=60,2, IF(U17>=55,1.5, IF(U17>=50,1,0))))))) -> 4
A17: 8 | E17: 10 | F17: 10 | G17: 10 | H17: 5 | I17: =SUM(E17:H17) -> 35 | J17: 14 | L17: =SUM(I17:J17) -> 49 | M17: 10 | N17: 9 | O17: 10 | P17: 5 | Q17: =SUM(M17:P17) -> 34 | R17: 15 | T17: =SUM(Q17:R17) -> 49 | U17: =SUM(L17,T17) -> 98 | V17: =IF(U18>=80,4, IF(U18>=75,3.5, IF(U18>=70,3, IF(U18>=65,2.5, IF(U18>=60,2, IF(U18>=55,1.5, IF(U18>=50,1,0))))))) -> 4
A18: 9 | E18: 10 | F18: 9 | G18: 9 | H18: 5 | I18: =SUM(E18:H18) -> 33 | J18: 15 | L18: =SUM(I18:J18) -> 48 | M18: 10 | N18: 10 | O18: 10 | P18: 5 | Q18: =SUM(M18:P18) -> 35 | R18: 15 | T18: =SUM(Q18:R18) -> 50 | U18: =SUM(L18,T18) -> 98 | V18: =IF(U19>=80,4, IF(U19>=75,3.5, IF(U19>=70,3, IF(U19>=65,2.5, IF(U19>=60,2, IF(U19>=55,1.5, IF(U19>=50,1,0))))))) -> 4
A19: 10 | E19: 9 | F19: 9 | G19: 10 | H19: 5 | I19: =SUM(E19:H19) -> 33 | J19: 14 | L19: =SUM(I19:J19) -> 47 | M19: 10 | N19: 9 | O19: 10 | P19: 5 | Q19: =SUM(M19:P19) -> 34 | R19: 14 | T19: =SUM(Q19:R19) -> 48 | U19: =SUM(L19,T19) -> 95 | V19: =IF(U20>=80,4, IF(U20>=75,3.5, IF(U20>=70,3, IF(U20>=65,2.5, IF(U20>=60,2, IF(U20>=55,1.5, IF(U20>=50,1,0))))))) -> 4
A20: 11 | E20: 9 | F20: 10 | G20: 9 | H20: 5 | I20: =SUM(E20:H20) -> 33 | J20: 14 | L20: =SUM(I20:J20) -> 47 | M20: 10 | N20: 9 | O20: 10 | P20: 5 | Q20: =SUM(M20:P20) -> 34 | R20: 13 | T20: =SUM(Q20:R20) -> 47 | U20: =SUM(L20,T20) -> 94 | V20: =IF(U21>=80,4, IF(U21>=75,3.5, IF(U21>=70,3, IF(U21>=65,2.5, IF(U21>=60,2, IF(U21>=55,1.5, IF(U21>=50,1,0))))))) -> 4
A21: 12 | E21: 9 | F21: 9 | G21: 10 | H21: 5 | I21: =SUM(E21:H21) -> 33 | J21: 15 | L21: =SUM(I21:J21) -> 48 | M21: 10 | N21: 10 | O21: 10 | P21: 5 | Q21: =SUM(M21:P21) -> 35 | R21: 14 | T21: =SUM(Q21:R21) -> 49 | U21: =SUM(L21,T21) -> 97 | V21: =IF(U22>=80,4, IF(U22>=75,3.5, IF(U22>=70,3, IF(U22>=65,2.5, IF(U22>=60,2, IF(U22>=55,1.5, IF(U22>=50,1,0))))))) -> 4
A22: 13 | E22: 9 | F22: 9 | G22: 9 | H22: 5 | I22: =SUM(E22:H22) -> 32 | J22: 13 | L22: =SUM(I22:J22) -> 45 | M22: 9 | N22: 10 | O22: 9 | P22: 5 | Q22: =SUM(M22:P22) -> 33 | R22: 14 | T22: =SUM(Q22:R22) -> 47 | U22: =SUM(L22,T22) -> 92 | V22: =IF(U23>=80,4, IF(U23>=75,3.5, IF(U23>=70,3, IF(U23>=65,2.5, IF(U23>=60,2, IF(U23>=55,1.5, IF(U23>=50,1,0))))))) -> 4
A23: 14 | E23: 9 | F23: 10 | G23: 9 | H23: 5 | I23: =SUM(E23:H23) -> 33 | J23: 15 | L23: =SUM(I23:J23) -> 48 | M23: 10 | N23: 10 | O23: 10 | P23: 5 | Q23: =SUM(M23:P23) -> 35 | R23: 15 | T23: =SUM(Q23:R23) -> 50 | U23: =SUM(L23,T23) -> 98 | V23: =IF(U24>=80,4, IF(U24>=75,3.5, IF(U24>=70,3, IF(U24>=65,2.5, IF(U24>=60,2, IF(U24>=55,1.5, IF(U24>=50,1,0))))))) -> 4
... A37: 28 | E37: 9 | F37: 10 | G37: 9 | H37: 5 | I37: =SUM(E37:H37) -> 33 | J37: 12 | L37: =SUM(I37:J37) -> 45 | M37: 9 | N37: 9 | O37: 9 | P37: 5 | Q37: =SUM(M37:P37) -> 32 | R37: 11 | T37: =SUM(Q37:R37) -> 43 | U37: =SUM(L37,T37) -> 88 | V37: =IF(U38>=80,4, IF(U38>=75,3.5, IF(U38>=70,3, IF(U38>=65,2.5, IF(U38>=60,2, IF(U38>=55,1.5, IF(U38>=50,1,0))))))) -> 4
A38: 29 | E38: 9 | F38: 9 | G38: 9 | H38: 5 | I38: =SUM(E38:H38) -> 32 | J38: 14 | L38: =SUM(I38:J38) -> 46 | M38: 10 | N38: 9 | O38: 10 | P38: 5 | Q38: =SUM(M38:P38) -> 34 | R38: 13 | T38: =SUM(Q38:R38) -> 47 | U38: =SUM(L38,T38) -> 93 | V38: =IF(U38>=80,4, IF(U38>=75,3.5, IF(U38>=70,3, IF(U38>=65,2.5, IF(U38>=60,2, IF(U38>=55,1.5, IF(U38>=50,1,0))))))) -> 4
A39: 30 | V39: =IF(U40>=80,4, IF(U40>=75,3.5, IF(U40>=70,3, IF(U40>=65,2.5, IF(U40>=60,2, IF(U40>=55,1.5, IF(U40>=50,1,0))))))) -> 0
A40: 31 | V40: =IF(U41>=80,4, IF(U41>=75,3.5, IF(U41>=70,3, IF(U41>=65,2.5, IF(U41>=60,2, IF(U41>=55,1.5, IF(U41>=50,1,0))))))) -> 0
A41: 32 | V41: =IF(U42>=80,4, IF(U42>=75,3.5, IF(U42>=70,3, IF(U42>=65,2.5, IF(U42>=60,2, IF(U42>=55,1.5, IF(U42>=50,1,0))))))) -> 0
A42: 33 | V42: =IF(U43>=80,4, IF(U43>=75,3.5, IF(U43>=70,3, IF(U43>=65,2.5, IF(U43>=60,2, IF(U43>=55,1.5, IF(U43>=50,1,0))))))) -> 0
A43: 34 | V43: =IF(U44>=80,4, IF(U44>=75,3.5, IF(U44>=70,3, IF(U44>=65,2.5, IF(U44>=60,2, IF(U44>=55,1.5, IF(U44>=50,1,0))))))) -> 0
A44: 35 | V44: =IF(U45>=80,4, IF(U45>=75,3.5, IF(U45>=70,3, IF(U45>=65,2.5, IF(U45>=60,2, IF(U45>=55,1.5, IF(U45>=50,1,0))))))) -> 0
A45: 36 | V45: =IF(U46>=80,4, IF(U46>=75,3.5, IF(U46>=70,3, IF(U46>=65,2.5, IF(U46>=60,2, IF(U46>=55,1.5, IF(U46>=50,1,0))))))) -> 0
A46: 37 | V46: =IF(U47>=80,4, IF(U47>=75,3.5, IF(U47>=70,3, IF(U47>=65,2.5, IF(U47>=60,2, IF(U47>=55,1.5, IF(U47>=50,1,0))))))) -> 0
A47: 38 | V47: =IF(U48>=80,4, IF(U48>=75,3.5, IF(U48>=70,3, IF(U48>=65,2.5, IF(U48>=60,2, IF(U48>=55,1.5, IF(U48>=50,1,0))))))) -> 0
A48: 39 | V48: =IF(U49>=80,4, IF(U49>=75,3.5, IF(U49>=70,3, IF(U49>=65,2.5, IF(U49>=60,2, IF(U49>=55,1.5, IF(U49>=50,1,0))))))) -> 0
A49: 40 | V49: =IF(U50>=80,4, IF(U50>=75,3.5, IF(U50>=70,3, IF(U50>=65,2.5, IF(U50>=60,2, IF(U50>=55,1.5, IF(U50>=50,1,0))))))) -> 0
A50: 41 | V50: =IF(U51>=80,4, IF(U51>=75,3.5, IF(U51>=70,3, IF(U51>=65,2.5, IF(U51>=60,2, IF(U51>=55,1.5, IF(U51>=50,1,0))))))) -> 0
... A55: 46 | V55: =IF(U56>=80,4, IF(U56>=75,3.5, IF(U56>=70,3, IF(U56>=65,2.5, IF(U56>=60,2, IF(U56>=55,1.5, IF(U56>=50,1,0))))))) -> 0

Sheet English
D1: Score Sheet : Semester | F1: =INFO!C3 -> 1 | I1: Academic Year | L1: =INFO!C4 -> 2026
C2: Teacher | D2: =INFO!C10 -> Mr.Nadir | E2: Subject | G2: =INFO!B10 -> English | I2: =INFO!C6 -> Bilingual Program | M2: Class | N2: =INFO!C5 -> P.1/3
A4: No. | B4: Name | E4: Scoring
E5: Test | I5: Total Test. | J5: Midterm Exam | K5: RETEST | L5: Total Test.+Midterm | M5: Test | Q5: Total Test. | R5: Final Exam | S5: RETEST | T5: Total Test+Final | U5: Total Score | V5: Final Grade
E7: Test1 (K) | F7: Test2 (S) | G7: Test3 (A) | H7: Test4 (C) | M7: Test1 (K) | N7: Test2 (S) | O7: Test3 (A) | P7: Test4 (C)
E9: 10 | F9: 10 | G9: 10 | H9: 5 | I9: =SUM(E9:H9) -> 35 | J9: 15 | K9: 10 | L9: =SUM(I9:J9) -> 50 | M9: 10 | N9: 10 | O9: 10 | P9: 5 | Q9: =SUM(M9:P9) -> 35 | R9: 15 | S9: 10 | T9: =SUM(Q9:R9) -> 50 | U9: =SUM(L9,T9) -> 100
A10: 1 | B10: 12345 | C10: Mr. Alex | D10: Furgoson | E10: 10 | F10: 10 | G10: 10 | H10: 5 | I10: =SUM(E10:H10) -> 35 | J10: 15 | L10: =SUM(I10:J10) -> 50 | M10: 10 | N10: 10 | O10: 10 | P10: 5 | Q10: =SUM(M10:P10) -> 35 | V10: =IF(U11>=80,4, IF(U11>=75,3.5, IF(U11>=70,3, IF(U11>=65,2.5, IF(U11>=60,2, IF(U11>=55,1.5, IF(U11>=50,1,0))))))) -> 0
A11: 2 | B11: 12346 | C11: Ms. Hermionee | D11: Granger | E11: 10 | F11: 10 | G11: 10 | H11: 5 | I11: =SUM(E11:H11) -> 35 | J11: 11 | L11: =SUM(I11:J11) -> 46 | M11: 10 | N11: 10 | O11: 10 | P11: 5 | Q11: =SUM(M11:P11) -> 35 | V11: =IF(U12>=80,4, IF(U12>=75,3.5, IF(U12>=70,3, IF(U12>=65,2.5, IF(U12>=60,2, IF(U12>=55,1.5, IF(U12>=50,1,0))))))) -> 0
A12: 3 | E12: 10 | F12: 10 | G12: 10 | H12: 5 | I12: =SUM(E12:H12) -> 35 | J12: 15 | L12: =SUM(I12:J12) -> 50 | M12: 10 | N12: 10 | O12: 10 | P12: 5 | Q12: =SUM(M12:P12) -> 35 | V12: =IF(U13>=80,4, IF(U13>=75,3.5, IF(U13>=70,3, IF(U13>=65,2.5, IF(U13>=60,2, IF(U13>=55,1.5, IF(U13>=50,1,0))))))) -> 0
A13: 4 | E13: 10 | F13: 10 | G13: 10 | H13: 5 | I13: =SUM(E13:H13) -> 35 | J13: 14 | L13: =SUM(I13:J13) -> 49 | M13: 10 | N13: 10 | O13: 10 | P13: 5 | Q13: =SUM(M13:P13) -> 35 | V13: =IF(U14>=80,4, IF(U14>=75,3.5, IF(U14>=70,3, IF(U14>=65,2.5, IF(U14>=60,2, IF(U14>=55,1.5, IF(U14>=50,1,0))))))) -> 0
A14: 5 | E14: 10 | F14: 10 | G14: 10 | H14: 5 | I14: =SUM(E14:H14) -> 35 | J14: 14 | L14: =SUM(I14:J14) -> 49 | M14: 10 | N14: 10 | O14: 10 | P14: 5 | Q14: =SUM(M14:P14) -> 35 | V14: =IF(U15>=80,4, IF(U15>=75,3.5, IF(U15>=70,3, IF(U15>=65,2.5, IF(U15>=60,2, IF(U15>=55,1.5, IF(U15>=50,1,0))))))) -> 0
A15: 6 | E15: 10 | F15: 10 | G15: 10 | H15: 5 | I15: =SUM(E15:H15) -> 35 | J15: 14 | L15: =SUM(I15:J15) -> 49 | M15: 10 | N15: 10 | O15: 10 | P15: 5 | Q15: =SUM(M15:P15) -> 35 | V15: =IF(U16>=80,4, IF(U16>=75,3.5, IF(U16>=70,3, IF(U16>=65,2.5, IF(U16>=60,2, IF(U16>=55,1.5, IF(U16>=50,1,0))))))) -> 0
A16: 7 | E16: 10 | F16: 10 | G16: 10 | H16: 5 | I16: =SUM(E16:H16) -> 35 | J16: 15 | L16: =SUM(I16:J16) -> 50 | M16: 10 | N16: 10 | O16: 10 | P16: 5 | Q16: =SUM(M16:P16) -> 35 | V16: =IF(U17>=80,4, IF(U17>=75,3.5, IF(U17>=70,3, IF(U17>=65,2.5, IF(U17>=60,2, IF(U17>=55,1.5, IF(U17>=50,1,0))))))) -> 0
A17: 8 | E17: 10 | F17: 10 | G17: 10 | H17: 5 | I17: =SUM(E17:H17) -> 35 | J17: 14 | L17: =SUM(I17:J17) -> 49 | M17: 10 | N17: 10 | O17: 10 | P17: 5 | Q17: =SUM(M17:P17) -> 35 | V17: =IF(U18>=80,4, IF(U18>=75,3.5, IF(U18>=70,3, IF(U18>=65,2.5, IF(U18>=60,2, IF(U18>=55,1.5, IF(U18>=50,1,0))))))) -> 0
A18: 9 | E18: 10 | F18: 10 | G18: 10 | H18: 5 | I18: =SUM(E18:H18) -> 35 | J18: 15 | L18: =SUM(I18:J18) -> 50 | M18: 10 | N18: 10 | O18: 10 | P18: 5 | Q18: =SUM(M18:P18) -> 35 | V18: =IF(U19>=80,4, IF(U19>=75,3.5, IF(U19>=70,3, IF(U19>=65,2.5, IF(U19>=60,2, IF(U19>=55,1.5, IF(U19>=50,1,0))))))) -> 0
A19: 10 | E19: 10 | F19: 10 | G19: 10 | H19: 5 | I19: =SUM(E19:H19) -> 35 | J19: 15 | L19: =SUM(I19:J19) -> 50 | M19: 10 | N19: 10 | O19: 10 | P19: 5 | Q19: =SUM(M19:P19) -> 35 | V19: =IF(U20>=80,4, IF(U20>=75,3.5, IF(U20>=70,3, IF(U20>=65,2.5, IF(U20>=60,2, IF(U20>=55,1.5, IF(U20>=50,1,0))))))) -> 0
A20: 11 | E20: 10 | F20: 10 | G20: 10 | H20: 5 | I20: =SUM(E20:H20) -> 35 | J20: 14 | L20: =SUM(I20:J20) -> 49 | M20: 10 | N20: 10 | O20: 10 | P20: 5 | Q20: =SUM(M20:P20) -> 35 | V20: =IF(U21>=80,4, IF(U21>=75,3.5, IF(U21>=70,3, IF(U21>=65,2.5, IF(U21>=60,2, IF(U21>=55,1.5, IF(U21>=50,1,0))))))) -> 0
A21: 12 | E21: 10 | F21: 10 | G21: 10 | H21: 5 | I21: =SUM(E21:H21) -> 35 | J21: 14 | L21: =SUM(I21:J21) -> 49 | M21: 10 | N21: 10 | O21: 10 | P21: 5 | Q21: =SUM(M21:P21) -> 35 | V21: =IF(U22>=80,4, IF(U22>=75,3.5, IF(U22>=70,3, IF(U22>=65,2.5, IF(U22>=60,2, IF(U22>=55,1.5, IF(U22>=50,1,0))))))) -> 0
A22: 13 | E22: 10 | F22: 10 | G22: 10 | H22: 5 | I22: =SUM(E22:H22) -> 35 | J22: 14 | L22: =SUM(I22:J22) -> 49 | M22: 10 | N22: 10 | O22: 10 | P22: 5 | Q22: =SUM(M22:P22) -> 35 | V22: =IF(U23>=80,4, IF(U23>=75,3.5, IF(U23>=70,3, IF(U23>=65,2.5, IF(U23>=60,2, IF(U23>=55,1.5, IF(U23>=50,1,0))))))) -> 0
A23: 14 | E23: 10 | F23: 10 | G23: 10 | H23: 5 | I23: =SUM(E23:H23) -> 35 | J23: 14 | L23: =SUM(I23:J23) -> 49 | M23: 10 | N23: 10 | O23: 10 | P23: 5 | Q23: =SUM(M23:P23) -> 35 | V23: =IF(U24>=80,4, IF(U24>=75,3.5, IF(U24>=70,3, IF(U24>=65,2.5, IF(U24>=60,2, IF(U24>=55,1.5, IF(U24>=50,1,0))))))) -> 0
... A38: 29 | E38: 10 | F38: 10 | G38: 10 | H38: 5 | I38: =SUM(E38:H38) -> 35 | J38: 14 | L38: =SUM(I38:J38) -> 49 | M38: 10 | N38: 10 | O38: 10 | P38: 5 | Q38: =SUM(M38:P38) -> 35 | V38: =IF(U39>=80,4, IF(U39>=75,3.5, IF(U39>=70,3, IF(U39>=65,2.5, IF(U39>=60,2, IF(U39>=55,1.5, IF(U39>=50,1,0))))))) -> 0
A39: 30 | V39: =IF(U40>=80,4, IF(U40>=75,3.5, IF(U40>=70,3, IF(U40>=65,2.5, IF(U40>=60,2, IF(U40>=55,1.5, IF(U40>=50,1,0))))))) -> 0
A40: 31 | V40: =IF(U41>=80,4, IF(U41>=75,3.5, IF(U41>=70,3, IF(U41>=65,2.5, IF(U41>=60,2, IF(U41>=55,1.5, IF(U41>=50,1,0))))))) -> 0
A41: 32 | V41: =IF(U42>=80,4, IF(U42>=75,3.5, IF(U42>=70,3, IF(U42>=65,2.5, IF(U42>=60,2, IF(U42>=55,1.5, IF(U42>=50,1,0))))))) -> 0
A42: 33 | V42: =IF(U43>=80,4, IF(U43>=75,3.5, IF(U43>=70,3, IF(U43>=65,2.5, IF(U43>=60,2, IF(U43>=55,1.5, IF(U43>=50,1,0))))))) -> 0
A43: 34 | V43: =IF(U44>=80,4, IF(U44>=75,3.5, IF(U44>=70,3, IF(U44>=65,2.5, IF(U44>=60,2, IF(U44>=55,1.5, IF(U44>=50,1,0))))))) -> 0
A44: 35 | V44: =IF(U45>=80,4, IF(U45>=75,3.5, IF(U45>=70,3, IF(U45>=65,2.5, IF(U45>=60,2, IF(U45>=55,1.5, IF(U45>=50,1,0))))))) -> 0
A45: 36 | V45: =IF(U46>=80,4, IF(U46>=75,3.5, IF(U46>=70,3, IF(U46>=65,2.5, IF(U46>=60,2, IF(U46>=55,1.5, IF(U46>=50,1,0))))))) -> 0
A46: 37 | V46: =IF(U47>=80,4, IF(U47>=75,3.5, IF(U47>=70,3, IF(U47>=65,2.5, IF(U47>=60,2, IF(U47>=55,1.5, IF(U47>=50,1,0))))))) -> 0
A47: 38 | V47: =IF(U48>=80,4, IF(U48>=75,3.5, IF(U48>=70,3, IF(U48>=65,2.5, IF(U48>=60,2, IF(U48>=55,1.5, IF(U48>=50,1,0))))))) -> 0
A48: 39 | V48: =IF(U49>=80,4, IF(U49>=75,3.5, IF(U49>=70,3, IF(U49>=65,2.5, IF(U49>=60,2, IF(U49>=55,1.5, IF(U49>=50,1,0))))))) -> 0
A49: 40 | V49: =IF(U50>=80,4, IF(U50>=75,3.5, IF(U50>=70,3, IF(U50>=65,2.5, IF(U50>=60,2, IF(U50>=55,1.5, IF(U50>=50,1,0))))))) -> 0
A50: 41 | V50: =IF(U51>=80,4, IF(U51>=75,3.5, IF(U51>=70,3, IF(U51>=65,2.5, IF(U51>=60,2, IF(U51>=55,1.5, IF(U51>=50,1,0))))))) -> 0
... A55: 46 | V55: =IF(U56>=80,4, IF(U56>=75,3.5, IF(U56>=70,3, IF(U56>=65,2.5, IF(U56>=60,2, IF(U56>=55,1.5, IF(U56>=50,1,0))))))) -> 0

Sheet Arts
D1: Score Sheet : Semester | F1: =INFO!C3 -> 1 | I1: Academic Year | L1: =INFO!C4 -> 2026
C2: Teacher | D2: =INFO!C11 -> Mr.Nadir | E2: Subject | G2: =INFO!B11 -> Arts | I2: =INFO!C6 -> Bilingual Program | M2: Class | N2: =INFO!C5 -> P.1/3
A4: No. | B4: Name | E4: Scoring
E5: Test | I5: Total Test. | J5: Midterm Exam | K5: RETEST | L5: Total Test.+Midterm | M5: Test | Q5: Total Test. | R5: Final Exam | S5: RETEST | T5: Total Test+Final | U5: Total Score | V5: Final Grade
E7: Test1 (K) | F7: Test2 (S) | G7: Test3 (A) | H7: Test4 (C) | M7: Test1 (K) | N7: Test2 (S) | O7: Test3 (A) | P7: Test4 (C)
E9: 10 | F9: 10 | G9: 10 | H9: 5 | I9: =SUM(E9:H9) -> 35 | J9: 15 | K9: 10 | L9: =SUM(I9:J9) -> 50 | M9: 10 | N9: 10 | O9: 10 | P9: 5 | Q9: =SUM(M9:P9) -> 35 | R9: 15 | S9: 10 | T9: =SUM(Q9:R9) -> 50 | U9: =SUM(L9,T9) -> 100
A10: 1 | B10: 12345 | C10: Mr. Alex | D10: Furgoson | E10: 10 | F10: 10 | G10: 10 | H10: 5 | I10: =SUM(E10:H10) -> 35 | J10: 15 | L10: =SUM(I10:J10) -> 50 | M10: 10 | N10: 10 | O10: 10 | P10: 5 | Q10: =SUM(M10:P10) -> 35 | V10: =IF(U11>=80,4, IF(U11>=75,3.5, IF(U11>=70,3, IF(U11>=65,2.5, IF(U11>=60,2, IF(U11>=55,1.5, IF(U11>=50,1,0))))))) -> 0
A11: 2 | B11: 12346 | C11: Ms. Hermionee | D11: Granger | E11: 10 | F11: 10 | G11: 10 | H11: 5 | I11: =SUM(E11:H11) -> 35 | J11: 15 | L11: =SUM(I11:J11) -> 50 | M11: 10 | N11: 10 | O11: 10 | P11: 5 | Q11: =SUM(M11:P11) -> 35 | V11: =IF(U12>=80,4, IF(U12>=75,3.5, IF(U12>=70,3, IF(U12>=65,2.5, IF(U12>=60,2, IF(U12>=55,1.5, IF(U12>=50,1,0))))))) -> 0
A12: 3 | E12: 10 | F12: 10 | G12: 10 | H12: 5 | I12: =SUM(E12:H12) -> 35 | J12: 15 | L12: =SUM(I12:J12) -> 50 | M12: 10 | N12: 10 | O12: 10 | P12: 5 | Q12: =SUM(M12:P12) -> 35 | V12: =IF(U13>=80,4, IF(U13>=75,3.5, IF(U13>=70,3, IF(U13>=65,2.5, IF(U13>=60,2, IF(U13>=55,1.5, IF(U13>=50,1,0))))))) -> 0
A13: 4 | E13: 10 | F13: 10 | G13: 10 | H13: 5 | I13: =SUM(E13:H13) -> 35 | J13: 15 | L13: =SUM(I13:J13) -> 50 | M13: 10 | N13: 10 | O13: 10 | P13: 5 | Q13: =SUM(M13:P13) -> 35 | V13: =IF(U14>=80,4, IF(U14>=75,3.5, IF(U14>=70,3, IF(U14>=65,2.5, IF(U14>=60,2, IF(U14>=55,1.5, IF(U14>=50,1,0))))))) -> 0
A14: 5 | E14: 10 | F14: 10 | G14: 10 | H14: 5 | I14: =SUM(E14:H14) -> 35 | J14: 15 | L14: =SUM(I14:J14) -> 50 | M14: 10 | N14: 10 | O14: 10 | P14: 5 | Q14: =SUM(M14:P14) -> 35 | V14: =IF(U15>=80,4, IF(U15>=75,3.5, IF(U15>=70,3, IF(U15>=65,2.5, IF(U15>=60,2, IF(U15>=55,1.5, IF(U15>=50,1,0))))))) -> 0
A15: 6 | E15: 10 | F15: 10 | G15: 10 | H15: 5 | I15: =SUM(E15:H15) -> 35 | J15: 15 | L15: =SUM(I15:J15) -> 50 | M15: 10 | N15: 10 | O15: 10 | P15: 5 | Q15: =SUM(M15:P15) -> 35 | V15: =IF(U16>=80,4, IF(U16>=75,3.5, IF(U16>=70,3, IF(U16>=65,2.5, IF(U16>=60,2, IF(U16>=55,1.5, IF(U16>=50,1,0))))))) -> 0
A16: 7 | E16: 10 | F16: 10 | G16: 10 | H16: 5 | I16: =SUM(E16:H16) -> 35 | J16: 15 | L16: =SUM(I16:J16) -> 50 | M16: 10 | N16: 10 | O16: 10 | P16: 5 | Q16: =SUM(M16:P16) -> 35 | V16: =IF(U17>=80,4, IF(U17>=75,3.5, IF(U17>=70,3, IF(U17>=65,2.5, IF(U17>=60,2, IF(U17>=55,1.5, IF(U17>=50,1,0))))))) -> 0
A17: 8 | E17: 10 | F17: 10 | G17: 10 | H17: 5 | I17: =SUM(E17:H17) -> 35 | J17: 15 | L17: =SUM(I17:J17) -> 50 | M17: 10 | N17: 10 | O17: 10 | P17: 5 | Q17: =SUM(M17:P17) -> 35 | V17: =IF(U18>=80,4, IF(U18>=75,3.5, IF(U18>=70,3, IF(U18>=65,2.5, IF(U18>=60,2, IF(U18>=55,1.5, IF(U18>=50,1,0))))))) -> 0
A18: 9 | E18: 10 | F18: 10 | G18: 10 | H18: 5 | I18: =SUM(E18:H18) -> 35 | J18: 15 | L18: =SUM(I18:J18) -> 50 | M18: 10 | N18: 10 | O18: 10 | P18: 5 | Q18: =SUM(M18:P18) -> 35 | V18: =IF(U19>=80,4, IF(U19>=75,3.5, IF(U19>=70,3, IF(U19>=65,2.5, IF(U19>=60,2, IF(U19>=55,1.5, IF(U19>=50,1,0))))))) -> 0
A19: 10 | E19: 10 | F19: 10 | G19: 10 | H19: 5 | I19: =SUM(E19:H19) -> 35 | J19: 15 | L19: =SUM(I19:J19) -> 50 | M19: 10 | N19: 10 | O19: 10 | P19: 5 | Q19: =SUM(M19:P19) -> 35 | V19: =IF(U20>=80,4, IF(U20>=75,3.5, IF(U20>=70,3, IF(U20>=65,2.5, IF(U20>=60,2, IF(U20>=55,1.5, IF(U20>=50,1,0))))))) -> 0
A20: 11 | E20: 10 | F20: 10 | G20: 10 | H20: 5 | I20: =SUM(E20:H20) -> 35 | J20: 15 | L20: =SUM(I20:J20) -> 50 | M20: 10 | N20: 10 | O20: 10 | P20: 5 | Q20: =SUM(M20:P20) -> 35 | V20: =IF(U21>=80,4, IF(U21>=75,3.5, IF(U21>=70,3, IF(U21>=65,2.5, IF(U21>=60,2, IF(U21>=55,1.5, IF(U21>=50,1,0))))))) -> 0
A21: 12 | E21: 10 | F21: 10 | G21: 10 | H21: 5 | I21: =SUM(E21:H21) -> 35 | J21: 15 | L21: =SUM(I21:J21) -> 50 | M21: 10 | N21: 10 | O21: 10 | P21: 5 | Q21: =SUM(M21:P21) -> 35 | V21: =IF(U22>=80,4, IF(U22>=75,3.5, IF(U22>=70,3, IF(U22>=65,2.5, IF(U22>=60,2, IF(U22>=55,1.5, IF(U22>=50,1,0))))))) -> 0
A22: 13 | E22: 10 | F22: 10 | G22: 10 | H22: 5 | I22: =SUM(E22:H22) -> 35 | J22: 15 | L22: =SUM(I22:J22) -> 50 | M22: 10 | N22: 10 | O22: 10 | P22: 5 | Q22: =SUM(M22:P22) -> 35 | V22: =IF(U23>=80,4, IF(U23>=75,3.5, IF(U23>=70,3, IF(U23>=65,2.5, IF(U23>=60,2, IF(U23>=55,1.5, IF(U23>=50,1,0))))))) -> 0
A23: 14 | E23: 10 | F23: 10 | G23: 10 | H23: 5 | I23: =SUM(E23:H23) -> 35 | J23: 15 | L23: =SUM(I23:J23) -> 50 | M23: 10 | N23: 10 | O23: 10 | P23: 5 | Q23: =SUM(M23:P23) -> 35 | V23: =IF(U24>=80,4, IF(U24>=75,3.5, IF(U24>=70,3, IF(U24>=65,2.5, IF(U24>=60,2, IF(U24>=55,1.5, IF(U24>=50,1,0))))))) -> 0
... A38: 29 | E38: 10 | F38: 10 | G38: 10 | H38: 5 | I38: =SUM(E38:H38) -> 35 | J38: 15 | L38: =SUM(I38:J38) -> 50 | M38: 10 | N38: 10 | O38: 10 | P38: 5 | Q38: =SUM(M38:P38) -> 35 | V38: =IF(U39>=80,4, IF(U39>=75,3.5, IF(U39>=70,3, IF(U39>=65,2.5, IF(U39>=60,2, IF(U39>=55,1.5, IF(U39>=50,1,0))))))) -> 0
A39: 30 | V39: =IF(U40>=80,4, IF(U40>=75,3.5, IF(U40>=70,3, IF(U40>=65,2.5, IF(U40>=60,2, IF(U40>=55,1.5, IF(U40>=50,1,0))))))) -> 0
A40: 31 | V40: =IF(U41>=80,4, IF(U41>=75,3.5, IF(U41>=70,3, IF(U41>=65,2.5, IF(U41>=60,2, IF(U41>=55,1.5, IF(U41>=50,1,0))))))) -> 0
A41: 32 | V41: =IF(U42>=80,4, IF(U42>=75,3.5, IF(U42>=70,3, IF(U42>=65,2.5, IF(U42>=60,2, IF(U42>=55,1.5, IF(U42>=50,1,0))))))) -> 0
A42: 33 | V42: =IF(U43>=80,4, IF(U43>=75,3.5, IF(U43>=70,3, IF(U43>=65,2.5, IF(U43>=60,2, IF(U43>=55,1.5, IF(U43>=50,1,0))))))) -> 0
A43: 34 | V43: =IF(U44>=80,4, IF(U44>=75,3.5, IF(U44>=70,3, IF(U44>=65,2.5, IF(U44>=60,2, IF(U44>=55,1.5, IF(U44>=50,1,0))))))) -> 0
A44: 35 | V44: =IF(U45>=80,4, IF(U45>=75,3.5, IF(U45>=70,3, IF(U45>=65,2.5, IF(U45>=60,2, IF(U45>=55,1.5, IF(U45>=50,1,0))))))) -> 0
A45: 36 | V45: =IF(U46>=80,4, IF(U46>=75,3.5, IF(U46>=70,3, IF(U46>=65,2.5, IF(U46>=60,2, IF(U46>=55,1.5, IF(U46>=50,1,0))))))) -> 0
A46: 37 | V46: =IF(U47>=80,4, IF(U47>=75,3.5, IF(U47>=70,3, IF(U47>=65,2.5, IF(U47>=60,2, IF(U47>=55,1.5, IF(U47>=50,1,0))))))) -> 0
A47: 38 | V47: =IF(U48>=80,4, IF(U48>=75,3.5, IF(U48>=70,3, IF(U48>=65,2.5, IF(U48>=60,2, IF(U48>=55,1.5, IF(U48>=50,1,0))))))) -> 0
A48: 39 | V48: =IF(U49>=80,4, IF(U49>=75,3.5, IF(U49>=70,3, IF(U49>=65,2.5, IF(U49>=60,2, IF(U49>=55,1.5, IF(U49>=50,1,0))))))) -> 0
A49: 40 | V49: =IF(U50>=80,4, IF(U50>=75,3.5, IF(U50>=70,3, IF(U50>=65,2.5, IF(U50>=60,2, IF(U50>=55,1.5, IF(U50>=50,1,0))))))) -> 0
A50: 41 | V50: =IF(U51>=80,4, IF(U51>=75,3.5, IF(U51>=70,3, IF(U51>=65,2.5, IF(U51>=60,2, IF(U51>=55,1.5, IF(U51>=50,1,0))))))) -> 0
... A55: 46 | V55: =IF(U56>=80,4, IF(U56>=75,3.5, IF(U56>=70,3, IF(U56>=65,2.5, IF(U56>=60,2, IF(U56>=55,1.5, IF(U56>=50,1,0))))))) -> 0
